{"cameraMode":{"drawMode":0,"name":"Shaded","section":"Shading Mode"},"sceneLighting":true,"audioPlay":false,"sceneViewState":{"m_AlwaysRefresh":false,"showFog":true,"showSkybox":true,"showFlares":true,"showImageEffects":true,"showParticleSystems":true,"showVisualEffectGraphs":true,"m_FxEnabled":true},"in2DMode":false,"pivot":{"x":4.109379291534424,"y":4.180871486663818,"z":24.991668701171876},"rotation":{"x":0.03688281774520874,"y":0.0002978182164952159,"z":0.000008815154615149368,"w":-0.999339759349823},"size":0.8660253882408142,"orthographic":false}