{"cameraMode":{"drawMode":0,"name":"Shaded","section":"Shading Mode"},"sceneLighting":true,"audioPlay":false,"sceneViewState":{"m_AlwaysRefresh":false,"showFog":true,"showSkybox":true,"showFlares":true,"showImageEffects":true,"showParticleSystems":true,"showVisualEffectGraphs":true,"m_FxEnabled":true},"in2DMode":false,"pivot":{"x":-0.5898845195770264,"y":13.346259117126465,"z":19.859041213989259},"rotation":{"x":0.5408788323402405,"y":0.007818436250090599,"z":-0.005025776103138924,"w":0.8410675525665283},"size":1.8977670669555665,"orthographic":false}