{"cameraMode":{"drawMode":0,"name":"Shaded","section":"Shading Mode"},"sceneLighting":true,"audioPlay":false,"sceneViewState":{"m_AlwaysRefresh":false,"showFog":true,"showSkybox":true,"showFlares":true,"showImageEffects":true,"showParticleSystems":true,"showVisualEffectGraphs":true,"m_FxEnabled":true},"in2DMode":false,"pivot":{"x":3.319603681564331,"y":2.8795528411865236,"z":22.210102081298829},"rotation":{"x":0.034641001373529437,"y":-0.23924808204174043,"z":0.008619202300906182,"w":0.9704156517982483},"size":2.36602520942688,"orthographic":false}